{"cameraMode":{"drawMode":0,"name":"Shaded","section":"Shading Mode"},"sceneLighting":false,"audioPlay":false,"sceneViewState":{"m_AlwaysRefresh":false,"showFog":true,"showSkybox":false,"showFlares":true,"showImageEffects":true,"showParticleSystems":true,"showVisualEffectGraphs":true,"m_FxEnabled":true},"in2DMode":false,"pivot":{"x":1.21226167678833,"y":0.05000000447034836,"z":0.013275712728500367},"rotation":{"x":0.02980041690170765,"y":0.020172908902168275,"z":-0.0005562020814977586,"w":0.9993919134140015},"size":0.6244615316390991,"orthographic":false}