{"cameraMode":{"drawMode":0,"name":"Shaded","section":"Shading Mode"},"sceneLighting":false,"audioPlay":false,"sceneViewState":{"m_AlwaysRefresh":false,"showFog":true,"showSkybox":false,"showFlares":true,"showImageEffects":true,"showParticleSystems":true,"showVisualEffectGraphs":true,"m_FxEnabled":true},"in2DMode":false,"pivot":{"x":0.1439949870109558,"y":0.04149499908089638,"z":0.005495000164955854},"rotation":{"x":-0.03273933380842209,"y":-0.8079987168312073,"z":-0.045018959790468219,"w":0.5866211652755737},"size":0.14996802806854249,"orthographic":false}