{"cameraMode":{"drawMode":0,"name":"Shaded","section":"Shading Mode"},"sceneLighting":true,"audioPlay":false,"sceneViewState":{"m_AlwaysRefresh":false,"showFog":true,"showSkybox":true,"showFlares":true,"showImageEffects":true,"showParticleSystems":true,"showVisualEffectGraphs":true,"m_FxEnabled":true},"in2DMode":false,"pivot":{"x":12.424577713012696,"y":-1.480223298072815,"z":-2.771420955657959},"rotation":{"x":-0.11019249260425568,"y":0.12547867000102998,"z":-0.014022314921021462,"w":-0.985862672328949},"size":1.9960931539535523,"orthographic":false}