{"cameraMode":{"drawMode":0,"name":"Shaded","section":"Shading Mode"},"sceneLighting":false,"audioPlay":false,"sceneViewState":{"m_AlwaysRefresh":false,"showFog":true,"showSkybox":false,"showFlares":true,"showImageEffects":true,"showParticleSystems":true,"showVisualEffectGraphs":true,"m_FxEnabled":true},"in2DMode":false,"pivot":{"x":0.2322840690612793,"y":1.2918494939804078,"z":0.14454008638858796},"rotation":{"x":0.11580151319503784,"y":-0.8835669159889221,"z":0.3024750351905823,"w":0.33845046162605288},"size":1.8759081363677979,"orthographic":false}