{"cameraMode":{"drawMode":0,"name":"Shaded","section":"Shading Mode"},"sceneLighting":false,"audioPlay":false,"sceneViewState":{"m_AlwaysRefresh":false,"showFog":true,"showSkybox":false,"showFlares":true,"showImageEffects":true,"showParticleSystems":true,"showVisualEffectGraphs":true,"m_FxEnabled":true},"in2DMode":false,"pivot":{"x":0.2922041118144989,"y":-1.226294994354248,"z":-0.8960206508636475},"rotation":{"x":0.021467823535203935,"y":0.9785363674163818,"z":-0.14420026540756226,"w":0.1456919014453888},"size":0.8614143133163452,"orthographic":false}