{"cameraMode":{"drawMode":0,"name":"Shaded","section":"Shading Mode"},"sceneLighting":false,"audioPlay":false,"sceneViewState":{"m_AlwaysRefresh":false,"showFog":true,"showSkybox":false,"showFlares":true,"showImageEffects":true,"showParticleSystems":true,"showVisualEffectGraphs":true,"m_FxEnabled":true},"in2DMode":false,"pivot":{"x":-0.45567214488983157,"y":0.17543959617614747,"z":-0.7920042276382446},"rotation":{"x":0.06392757594585419,"y":0.9216716289520264,"z":-0.17228619754314423,"w":0.34178194403648379},"size":2.509633779525757,"orthographic":false}