{"cameraMode":{"drawMode":0,"name":"Shaded","section":"Shading Mode"},"sceneLighting":true,"audioPlay":false,"sceneViewState":{"m_AlwaysRefresh":false,"showFog":true,"showSkybox":true,"showFlares":true,"showImageEffects":true,"showParticleSystems":true,"showVisualEffectGraphs":true,"m_FxEnabled":true},"in2DMode":false,"pivot":{"x":3.9242496490478517,"y":57.91071701049805,"z":-104.12550354003906},"rotation":{"x":0.23979638516902924,"y":0.1416371762752533,"z":-0.03535114601254463,"w":0.9598603248596191},"size":15.759785652160645,"orthographic":false}