{"cameraMode":{"drawMode":0,"name":"Shaded","section":"Shading Mode"},"sceneLighting":true,"audioPlay":false,"sceneViewState":{"m_AlwaysRefresh":false,"showFog":true,"showSkybox":true,"showFlares":true,"showImageEffects":true,"showParticleSystems":true,"showVisualEffectGraphs":true,"m_FxEnabled":true},"in2DMode":false,"pivot":{"x":-1.0644874572753907,"y":0.024472713470458986,"z":-3.063753128051758},"rotation":{"x":0.015803491696715356,"y":-0.022498512640595437,"z":0.0003977635351475328,"w":0.9996405243873596},"size":6.178648471832275,"orthographic":false}