{"cameraMode":{"drawMode":0,"name":"Shaded","section":"Shading Mode"},"sceneLighting":true,"audioPlay":false,"sceneViewState":{"m_AlwaysRefresh":false,"showFog":true,"showSkybox":true,"showFlares":true,"showImageEffects":true,"showParticleSystems":true,"showVisualEffectGraphs":true,"m_FxEnabled":true},"in2DMode":false,"pivot":{"x":0.06375905871391297,"y":-0.0327228307723999,"z":0.000007234513759613037},"rotation":{"x":0.015803491696715356,"y":-0.022498512640595437,"z":0.0003977635351475328,"w":0.9996405243873596},"size":0.3466556966304779,"orthographic":false}