{"cameraMode":{"drawMode":0,"name":"Shaded","section":"Shading Mode"},"sceneLighting":false,"audioPlay":false,"sceneViewState":{"m_AlwaysRefresh":false,"showFog":true,"showSkybox":false,"showFlares":true,"showImageEffects":true,"showParticleSystems":true,"showVisualEffectGraphs":true,"m_FxEnabled":true},"in2DMode":false,"pivot":{"x":0.40201854705810549,"y":-1.1182544231414796,"z":1.7767388820648194},"rotation":{"x":0.05442861095070839,"y":0.9105393290519714,"z":-0.1272103637456894,"w":0.38959556818008425},"size":0.6755779385566711,"orthographic":false}