{"cameraMode":{"drawMode":0,"name":"Shaded","section":"Shading Mode"},"sceneLighting":false,"audioPlay":false,"sceneViewState":{"m_AlwaysRefresh":false,"showFog":true,"showSkybox":false,"showFlares":true,"showImageEffects":true,"showParticleSystems":true,"showVisualEffectGraphs":true,"m_FxEnabled":true},"in2DMode":false,"pivot":{"x":0.2413826584815979,"y":1.2918494939804078,"z":0.1389453262090683},"rotation":{"x":0.10101213306188584,"y":-0.8986428380012512,"z":0.28818318247795107,"w":0.31516310572624209},"size":1.5107667446136475,"orthographic":false}